{
    "lanches": [
        {
            "id": 1,
            "nome": "Torrada",
            "descricao": "Pão, queijo duplo e catupiry",
            "preco": 5.00,
            "imagem": "assets/lanches/lanche-padrao.svg"
        },
        {
            "id": 2,
            "nome": "Misto Quente",
            "descricao": "Pão, queijo duplo, presunto e catupiry",
            "preco": 6.00,
            "imagem": "assets/lanches/lanche-padrao.svg"
        },
        {
            "id": 3,
            "nome": "Hamburguer",
            "descricao": "Pão, queijo, hamburguer, catupiry e salada",
            "preco": 7.00,
            "imagem": "assets/lanches/lanche-padrao.svg"
        },
        {
            "id": 4,
            "nome": "X-Dog",
            "descricao": "Pão, queijo, presunto, salsicha, catupiry e salada",
            "preco": 7.00,
            "imagem": "assets/lanches/lanche-padrao.svg"
        },
        {
            "id": 5,
            "nome": "X-Frango",
            "descricao": "Pão, queijo, presunto, frango, catupiry e salada",
            "preco": 9.00,
            "imagem": "assets/lanches/lanche-padrao.svg"
        },
        {
            "id": 6,
            "nome": "X-Burg",
            "descricao": "Pão, queijo, presunto, hamburguer, catupiry e salada",
            "preco": 8.00,
            "imagem": "assets/lanches/lanche-padrao.svg"
        },
        {
            "id": 7,
            "nome": "X-Tudo",
            "descricao": "Pão, queijo, presunto, ovo, hamburguer, salsicha, frango, catupiry e salada",
            "preco": 14.00,
            "imagem": "assets/lanches/x-tudo.svg",
            "destaque": "Mais Vendido"
        },
        {
            "id": 8,
            "nome": "X-Bacon",
            "descricao": "Pão, queijo, bacon, catupiry e salada",
            "preco": 13.00,
            "imagem": "assets/lanches/lanche-padrao.svg"
        },
        {
            "id": 9,
            "nome": "X-Frango Crocante",
            "descricao": "Pão, queijo, frango, batata palha, presunto, catupiry e salada",
            "preco": 12.00,
            "imagem": "assets/lanches/lanche-padrao.svg"
        },
        {
            "id": 10,
            "nome": "X-Calabresa",
            "descricao": "Pão, queijo, calabresa, presunto, catupiry e salada",
            "preco": 13.00,
            "imagem": "assets/lanches/lanche-padrao.svg"
        },
        {
            "id": 11,
            "nome": "Franburg",
            "descricao": "Pão, queijo, presunto, frango, hamburguer, catupiry e salada",
            "preco": 12.00,
            "imagem": "assets/lanches/lanche-padrao.svg"
        },
        {
            "id": 12,
            "nome": "X-Tudo Especial",
            "descricao": "Pão, queijo, presunto, hamburguer, ovo, frango, salsicha, bacon, calabresa, catupiry e salada",
            "preco": 17.00,
            "imagem": "assets/lanches/x-tudo.svg",
            "destaque": "Novo"
        }
    ],
    "porcoes": [
        {
            "id": 1,
            "nome": "Batata Frita",
            "descricao": "Porção de batata frita crocante com sal e orégano",
            "preco": 15.90,
            "imagem": "assets/porcoes/batata.jpg"
        }
    ],
    "bebidas": [
        {
            "id": 1,
            "nome": "Suco de Maracujá",
            "descricao": "Suco natural de maracujá (400ml)",
            "preco": 6.00,
            "imagem": "assets/bebidas/suco-maracuja.jpg"
        },
        {
            "id": 2,
            "nome": "Suco de Acerola",
            "descricao": "Suco natural de acerola (400ml)",
            "preco": 6.00,
            "imagem": "assets/bebidas/suco-acerola.jpg"
        },
        {
            "id": 3,
            "nome": "Suco de Goiaba",
            "descricao": "Suco natural de goiaba (400ml)",
            "preco": 6.00,
            "imagem": "assets/bebidas/suco-goiaba.jpg"
        },
        {
            "id": 4,
            "nome": "Refrigerante Lata",
            "descricao": "Coca-Cola, Guaraná Antarctica, Fanta ou Sprite (350ml)",
            "preco": 5.00,
            "imagem": "assets/bebidas/refrigerante-lata.jpg"
        },
        {
            "id": 5,
            "nome": "Refrigerante 1L",
            "descricao": "Coca-Cola, Guaraná Antarctica, Fanta ou Sprite (1 litro)",
            "preco": 8.00,
            "imagem": "assets/bebidas/refrigerante-1l.jpg"
        },
        {
            "id": 6,
            "nome": "Refrigerante 2L",
            "descricao": "Coca-Cola, Guaraná Antarctica, Fanta ou Sprite (2 litros)",
            "preco": 12.00,
            "imagem": "assets/bebidas/refrigerante-2l.jpg"
        }
    ],
    "promocoes": [
        {
            "id": 1,
            "nome": "Combo Duplo",
            "descricao": "2 X-Burger + 2 Refrigerantes",
            "precoAntigo": 65.80,
            "precoNovo": 49.90,
            "imagem": "assets/promocoes/combo-duplo.jpg",
            "destaque": "Oferta"
        }
    ],
    "ingredientesAdicionais": [
        {
            "id": 1,
            "nome": "Hambúrguer de Boi",
            "preco": 4.00
        },
        {
            "id": 2,
            "nome": "Frango",
            "preco": 4.00
        },
        {
            "id": 3,
            "nome": "Bacon",
            "preco": 4.00
        },
        {
            "id": 4,
            "nome": "Calabresa",
            "preco": 4.00
        },
        {
            "id": 5,
            "nome": "Queijo Coalho",
            "preco": 4.00
        },
        {
            "id": 6,
            "nome": "Salsicha",
            "preco": 3.00
        },
        {
            "id": 7,
            "nome": "Batata Palha",
            "preco": 2.00
        },
        {
            "id": 8,
            "nome": "Ovo",
            "preco": 2.00
        }
    ]
} 